id_empleado,nombre,telefono,cargo,email
9PRVVA98P,Béatrice,68626,,rjakel0@ftc.gov
O7UHLUEP9,Valérie,1,,mgosford1@weather.com
VG8H5CSZ1,Estée,2,,emedcalf2@abc.net.au
JG8M95KJ2,Adèle,2,,hdurtnel3@archive.org
I03WMXDJC,Véronique,2,,tcollelton4@geocities.com
INVCSUV18,Mariehélène,2,,scoomber5@latimes.com
BPR7TTP0A,Océane,2,,mzimmermeister6@weibo.com
W1AN8N38G,Crééz,2,,kdodamead7@bandcamp.com
DNW2RPPK6,Publicité,2,,missacof8@umn.edu
KH1ACH98A,Wá,2,,cbourdice9@stanford.edu
ACV23P2IE,Eliès,2,,wrudmana@sitemeter.com
G82ZTC8TL,Néhémie,2,,fcrayb@sogou.com
4OMK2K4V5,Märta,2,,rsherryc@epa.gov
GLHBZ40X7,Gwenaëlle,2,,atrightond@mashable.com
FVTYVKK0J,Magdalène,2,,csticklere@mtv.com
XLRL1NYSG,Torbjörn,2,,asurmeirf@odnoklassniki.ru
7B4IQ1XM9,Intéressant,2,,rchastneyg@pcworld.com
154XXR310,Estève,2,,apinah@jimdo.com
RPAPH1WBF,Ruì,2,,spundi@furl.net
AZOFBCYBU,Cinéma,2,,igrealyj@forbes.com
73BFWA15J,Léana,2,,bfarnsworthk@miitbeian.gov.cn
2D449WXCH,Océanne,2,,kbroadfieldl@state.gov
WQWU3HJF1,Clémence,2,,lrubenovm@pcworld.com
MC7YL81CR,Gösta,2,,ebonfieldn@fema.gov
ZPRISAFDK,Zhì,2,,mbaggoto@indiatimes.com
JKAE0M8OK,Cinéma,2,,ntompkinsp@cisco.com
K6ELSBEN2,Françoise,2,,atayeq@flavors.me
YS8SF2EZR,Annotés,2,,nvidgenr@msu.edu
BGY1QMGCY,Yénora,2,,gnorringtons@dedecms.com
YREI8AC1S,Tán,2,,dgarrettt@craigslist.org
TXQ5U3F9I,Maëlle,2,,jgerckeu@webs.com
QZA89QPUZ,Frédérique,2,,gpetraschv@biglobe.ne.jp
28N7YIM6L,Célestine,2,,cdoellew@wired.com
9SCQUW4H2,Marylène,2,,avenardx@ocn.ne.jp
9EX6AM7ZG,Cléa,2,,ejuhrukey@house.gov
RGNAWM6XD,Naëlle,2,,lsongerz@mapy.cz
R4MMMXU7K,Sòng,2,,wwerndly10@privacy.gov.au
ZE8KD6GGG,Mà,2,,hantonat11@youtu.be
H30FVWSD9,Anaëlle,2,,lhatfull12@scribd.com
1R7W3SQC4,Océanne,2,,tdan13@mlb.com
N7K4WH2FT,Göran,2,,lbrotherwood14@constantcontact.com
51PJXL0M3,Frédérique,2,,tscholtz15@yolasite.com
6X037QGVD,Adélie,2,,lgurnee16@theglobeandmail.com
KA8OXPOVV,Nuó,2,,ecuolahan17@ezinearticles.com
XOCIS9DJP,Réservés,2,,fspittle18@cdbaby.com
GW5LILSSH,Mà,2,,gdeighton19@vinaora.com
5B0N8AZ7W,Maï,2,,nerrowe1a@reuters.com
5FTMN0HE8,Maëlla,2,,efarquhar1b@wisc.edu
V2JOD6J0P,Jú,2,,nadmans1c@uiuc.edu
PBN0J174Y,Méline,2,,vgowan1d@trellian.com
