id_cliente,name,direccion,telefono,email
test,test,test,1,test@test.com
ES1F4HI4W,Rachèle,60798 Arrowood Hill,56473,tricart0@java.com
SRGVIXD25,Anaïs,26 Express Junction,86019,edesimoni1@github.com
BZ5GWFEKI,Naëlle,6 Buhler Crossing,49119,rsouthers2@t-online.de
XDCUUTGBV,Laïla,4 Crowley Court,69369,cmcenteggart3@slate.com
VBFQ64R2M,Gaëlle,797 Cordelia Road,32013,tcastle4@unblog.fr
NUX9DBJSJ,Maëlyss,3 Susan Place,59092,jknight5@eepurl.com
5AYHVVQJF,Mégane,751 Garrison Pass,82427,lsthill6@webs.com
BOVC6T4XL,Inès,06 Victoria Place,86610,hlascell7@163.com
4XC31EKKY,Marie-françoise,3 West Hill,44085,cgeill8@google.com
UX2KZSVMR,Loïca,94 Eggendart Parkway,54733,eroskilly9@accuweather.com
VTWKFSTPF,Styrbjörn,260 Glacier Hill Alley,37178,ehatchella@nifty.com
R12EP1D2O,Laurélie,8 Sherman Avenue,42828,afilkovb@newsvine.com
XWHVXQ2ON,Stévina,6 Loomis Park,64639,lebyc@gmpg.org
20O0ELTCI,Ophélie,78 East Junction,68530,jmcginnd@yahoo.com
4B7DAYWLS,Marie-thérèse,87063 Moose Park,19521,skirknesse@chronoengine.com
4TCO57CKE,Mélia,70520 Commercial Trail,66039,rlangworthyf@pcworld.com
LEO8KC6SL,Jú,892 Hanson Center,33281,sderricog@home.pl
RGLK4Y4UP,Naéva,64565 Shoshone Alley,59721,cdybaldh@independent.co.uk
QQKDFSQOE,Dà,2441 Killdeer Way,31632,lcalbaithei@google.co.uk
F6WCTXCOR,Pénélope,1 Mifflin Place,41890,dbenitezj@timesonline.co.uk
SRCHQDU5N,Vénus,7 Shopko Plaza,45439,jmacailinek@loc.gov
UJCT67540,Athéna,7021 Briar Crest Trail,30056,gbourgourl@berkeley.edu
SW6NX1D5S,Cinéma,4 Thierer Circle,66368,caxelbym@samsung.com
D8JR44Y1F,Marie-noël,4141 Dwight Court,94574,nvilesn@bizjournals.com
NLBFJWFX0,Sòng,0093 Redwing Junction,13325,ldeemingo@jimdo.com
YRNJP5ZKC,Marie-josée,35953 Nancy Crossing,34356,wbrooksbyp@go.com
WCYIQSK5A,Françoise,3 Lyons Plaza,83298,lgoulderq@usda.gov
ZV7165966,Léandre,910 Fallview Parkway,78842,cquiddihyr@princeton.edu
2JG54XN0W,Léa,995 Porter Hill,32767,bsaws@yahoo.co.jp
CUX1OUFL5,Laïla,212 Muir Parkway,49080,sseebrightt@free.fr
95Q6R9NQM,Adélaïde,736 Morning Alley,20560,cmullarkeyu@ehow.com
FRPJG5JX6,Bécassine,99688 Fuller Crossing,28844,abenoeyv@elegantthemes.com
5E00JRPQ5,Kuí,1500 7th Center,26556,ibirneyw@buzzfeed.com
K2746Q22U,Mahélie,9 School Terrace,70073,bparmbyx@va.gov
W85EGLCBU,Anaël,81 Express Circle,15965,ofranziniy@google.ru
ZX82XOLQA,Maëly,59 Vermont Circle,38668,cpinkz@printfriendly.com
0F2XG0KKL,Angélique,526 Duke Plaza,78147,gwaters10@vistaprint.com
PUKDUFQKG,Audréanne,9131 Hallows Terrace,83288,btarn11@ow.ly
AVECRJYRT,Maëlann,07413 Del Sol Way,82368,tdominico12@businessinsider.com
DUGX7PDUX,Maéna,61 Raven Lane,84289,ashilladay13@studiopress.com
HNZII5BIU,Håkan,439 Laurel Terrace,91562,dortzen14@domainmarket.com
WHQE3SMZH,Bérénice,5 Fallview Drive,29113,ibillany15@foxnews.com
ZCGKI5A6Z,Lài,73835 Vidon Center,12272,gmusson16@bigcartel.com
UHBIGX9Z1,Maïlys,65942 Claremont Pass,94143,gcrix17@123-reg.co.uk
EBUKVKKD6,Sòng,21 Hoard Drive,82640,abelli18@tripod.com
JBBK6WG14,Andréa,5 Spohn Crossing,62151,yaslet19@reference.com
MW95KTEGX,Rachèle,21923 Doe Crossing Parkway,19562,lhurrion1a@statcounter.com
COZM0UUIA,Erwéi,4495 Ridge Oak Drive,56021,lroadnight1b@friendfeed.com
MORSST2Q9,Camélia,234 Hudson Drive,31457,srushmare1c@dion.ne.jp
4ZTRZYMWW,Léandre,06130 Cordelia Crossing,88370,cbynert1d@infoseek.co.jp
