id_proveedor,entidad,email
WWQHU6U1M,Yotz,gdurn0@skyrock.com
YXEOWR729,Aimbu,aposer1@163.com
VZREAEQA9,Tagtune,twoolhouse2@uiuc.edu
EVYKWM2SP,LiveZ,ccamerana3@nymag.com
ITO44JGG1,Oyoba,adymoke4@networkadvertising.org
H84O01003,Blognation,kfox5@reverbnation.com
JFWX0GAIG,Fliptune,jpothbury6@discovery.com
PWJQ3HHIX,Flashset,agreneham7@theatlantic.com
JX3RPW47G,Blogspan,xgooddy8@dmoz.org
R1IGW3QV7,Thoughtmix,lkeyme9@ebay.co.uk
CATP7JRZ7,Zoomzone,aclouta@mail.ru
2WPO1OPYY,Twitterworks,tkeppelb@blinklist.com
1STZ2MLM5,Wordpedia,hadiec@vk.com
5IBRJ152H,Minyx,aloodyd@hhs.gov
RV0ORN3WE,Divanoodle,deagere@fema.gov
KKPNES11U,Realmix,vabotsonf@sciencedirect.com
F0EH9G07N,Snaptags,ntoombsg@bluehost.com
5ITDEZX6R,Bubbletube,dsegrotth@tamu.edu
TDDB1RU9B,Zoomlounge,cloffilli@hp.com
KFWSNRWJ8,Zoomlounge,dstigersj@sciencedirect.com
DQPP03H38,Skipfire,iseargeantk@bandcamp.com
NF1XEFHUT,Zoombeat,fkenninghanl@vinaora.com
QEQLJ8R71,Mynte,dshovelinm@livejournal.com
MBAV2KAG1,Skinix,sfieldsendn@blinklist.com
I2Z91AZYY,Yabox,hmedlero@washingtonpost.com
0AV67KN7Z,Kare,sdanilenkop@whitehouse.gov
ECOM1XL9D,Fadeo,geverittq@ucsd.edu
LYARIGTGJ,Jabberstorm,ssporgeonr@diigo.com
UUZZ6VW5S,Zava,lgannings@house.gov
UEBTOSFF4,Yata,sherculest@sitemeter.com
G9M5B0YTO,Gabtune,fheadingtonu@edublogs.org
CH5SSXWZR,Wordify,bmitchelhillv@gnu.org
SHVHS6J07,Midel,bpilipyakw@ycombinator.com
8OPD30W0B,Npath,lscottix@php.net
R5MXZBATX,Jabberbean,edeliony@npr.org
EIY8YDAPZ,Yakijo,hkenewellz@artisteer.com
2JXVK96G9,Youspan,adifrancesco10@51.la
E290WWNCN,Zoozzy,gcruttenden11@lulu.com
JB16HVYQ0,Skyba,ecasine12@spotify.com
8T2IUUXHI,Fiveclub,acanet13@tiny.cc
6B94RBOEP,Bluejam,vcoade14@google.ru
4ERDLAE8Q,Feedmix,ckohnemann15@uiuc.edu
0WNEVWCJS,Blogspan,amcgragh16@reverbnation.com
3E2S30RFE,Zoomlounge,suebel17@hostgator.com
W73F3QXBL,Talane,ggerardi18@irs.gov
6SBPR47RR,Yodoo,cwaadenburg19@engadget.com
CX9Y2AT1T,Jabbertype,npattle1a@bbc.co.uk
1ASFWI125,Ntag,tstedman1b@samsung.com
G0SKWEWK1,Skipstorm,aboshier1c@cbc.ca
QH8RQBN4O,Thoughtworks,emcgurn1d@yellowpages.com
